dose,status
169.07000000000002,1
169.07000000000002,0
169.07000000000002,0
169.07000000000002,0
172.42,1
172.42,0
172.42,0
172.42,0
175.52,1
175.52,0
175.52,0
175.52,0
178.42,1
178.42,1
178.42,0
178.42,0
181.13,1
181.13,1
181.13,1
181.13,0
183.69,1
183.69,1
183.69,1
183.69,1
186.1,1
186.1,1
186.1,1
186.1,1
188.39,1
188.39,1
188.39,1
188.39,1
